id;pbsid;pbsname;jhi_number;jhi_type;administratorid;administratorname;responsiblename;department;secretlevel;audit_status;audit_userid
1;onto;from;1842;lest until;擅自 画;abaft 尽;mecca given than;whoa 细;SECRET;Approved;hm 百般 yowza
2;好在 why inasmuch;meadow sanctity;6940;atop;regulation 拎;pro;稍微;however;SECRET;In_Audit;撕 偏偏 without
3;很 phew coleslaw;必定 favor for;126;phew 雪白;lotion;共 最;热 hunt who;捡 小;SECRET;Not_Audited;even
4;desk;甜 instead;32577;huzzah 几乎;unless 平常;lest 当然;搜 相当 porpoise;why 抓 dad;SECRET;In_Audit;who
5;failing from;ouch;30819;搂 but governance;yippee;experiment how which;粗 beneath 拆;oh;SECRET;In_Audit;behind gah oregano
6;rent wall;fascia consist owl;8609;absent;honeybee attendant by;抄 astride;苦 among;who 勇敢 好些;SECRET;Approved;拖
7;抽 versus unto;hm modulo while;26452;the blend 吞;intuition 切 最;捺 幸亏;aw times;统统 even;NOSECTET_INTERNAL;Approved;wherever against
8;crystallography 拧;jellybeans when;23543;聪明 bake;平常;whoa 爬 among;pumpernickel 少;aside 好在 极;PUBLIC;Approved;unto 抓 afore
9;underneath;偏偏 struggle 粗;2560;没 搂;at though 平常;仅 hence ugh;伟大;熟练 长 ack;NOSECTET_INTERNAL;Not_Audited;大约 捡 plus
10;ick;geez while magnet;15150;就 撕;ugh;likewise;清楚;gah;PUBLIC;Approved;um 推
