id;pbssubname;responsiblename;responsibledepartment;relevantdepartment;jhi_type;starttime;endtime;secretlevel;audit_status
d75ef124-d3f7-4d5f-8b0f-28b507a363d2;among;dahlia;crocus marketplace vice;since;during blah warning;2024-06-24;2024-06-24;NOSECTET_INTERNAL;Not_Audited
0ee14934-fafa-4d0d-a5d1-0805aad3b871;provided acetate;撞;仅;instead;from 挡;2024-06-24;2024-06-24;PUBLIC;In_Audit
910891f9-fb09-4f97-accf-747635081246;写 inside what;about;aha 扶 少;平常 fashion organisation;掐 十分 whoever;2024-06-24;2024-06-24;PUBLIC;Not_Audited
ed1aa1e3-c4aa-443f-8601-b8e3600cdbfd;简直 front;yippee 难道;boo;必定;simple;2024-06-24;2024-06-24;NOSECTET_INTERNAL;Approved
b6890c02-54cc-49c0-bdd4-5e4f1f3b2759;拧 也许 攥;modulo save storage;好在 吮;so inasmuch whenever;spat;2024-06-25;2024-06-24;PUBLIC;Approved
1dfaf7ca-51af-4a09-abb6-34654fd01eca;meh 搡 silica;必然 许多 peer-to-peer;ha netbook 逐步;given;likewise;2024-06-24;2024-06-24;NOSECTET_INTERNAL;Approved
2f5a590e-7106-43fa-955a-44ece5c46fc3;喝;gosh;towards yahoo so;that 掐;启动 wherever;2024-06-24;2024-06-24;SECRET;Approved
df721089-6d01-4f2a-a7d8-983342964553;whoa;gland um 偏偏;细 beside;必然;oh pfft;2024-06-24;2024-06-24;SECRET;Approved
1175d460-24a5-4cc1-bb9b-7a37cade7bed;historian;幸亏 plus out;patient sheet;幸亏 though;平坦;2024-06-24;2024-06-24;NOSECTET_INTERNAL;Approved
7adca042-e2ba-40a8-8a1f-f76637e39c29;几乎 supposing;instead;也许 but 吃;a bah for;put;2024-06-24;2024-06-24;PUBLIC;Not_Audited
