id;qualityobjectivesid;qualityobjectivesname;jhi_year;createtime;creatorname;secretlevel;audit_status
1;18111;unlike 大方;25002;2024-06-13;teenager 仅 尽;SECRET;Not_Audited
2;16705;down;16215;2024-06-13;which;NOSECTET_INTERNAL;Not_Audited
3;27772;towards 坐 扔;13175;2024-06-14;bratwurst 短;SECRET;Approved
4;27075;furthermore;3811;2024-06-13;必定 whose;NOSECTET_INTERNAL;Not_Audited
5;30368;what so;27906;2024-06-13;patina 何尝;PUBLIC;In_Audit
6;5383;都 笔直 gah;23190;2024-06-13;gunpowder;NOSECTET_INTERNAL;Approved
7;14782;yum 走;12863;2024-06-13;绿油油;SECRET;Not_Audited
8;12304;一概 yahoo;19071;2024-06-13;挡 whoa;PUBLIC;Approved
9;32398;before;30506;2024-06-13;yowza;PUBLIC;In_Audit
10;20210;yippee;7819;2024-06-13;following 雪白 毅然;NOSECTET_INTERNAL;In_Audit
