id;name;description;starttime;endtime
a94c6373-3786-4200-814b-dd2181574dcc;if;differential 清楚 meanwhile;2024-06-24;2024-06-24
0fe92c44-d28d-4d18-bf46-a663ba2c0e5c;弹 yahoo under;鲁莽;2024-06-24;2024-06-24
6435953f-6c86-4a33-b6b8-b109724808d1;industrialisation;gosh mmm;2024-06-24;2024-06-24
bdaa1e9f-a7c0-4b7f-b100-b2e7d24f6a57;偏偏 跳 that;难道 why gasoline;2024-06-25;2024-06-24
699c266f-7aa4-49f0-b6ac-8df2e0077ca5;更加 好在;furthermore toward;2024-06-24;2024-06-24
174796e7-bf60-47f7-8c32-683ca46bf6de;clinic bah;统统;2024-06-24;2024-06-24
0242f638-9af6-4c44-b31f-bf4354757cdf;qua gah;击 冷;2024-06-24;2024-06-24
fb6986a5-e1e5-4bb3-8d83-e0f6f184879d;统统 冷;unless;2024-06-24;2024-06-25
2f0f7b34-d53d-4d79-801f-65c94954299a;坚固 whether beneath;spork laborer;2024-06-24;2024-06-24
e85b4685-9fe5-4a3e-8382-d49c81528d8b;body 绿 搔;while however boulevard;2024-06-24;2024-06-24
